{
    "metrics": {
        "http_req_receiving": {
            "min": 0,
            "med": 0.2441,
            "max": 1.0334,
            "p(90)": 0.97011,
            "p(95)": 0.99544,
            "avg": 0.3428785714285714
        },
        "http_req_waiting": {
            "avg": 166.80812142857144,
            "min": 7.0893,
            "med": 213.7481,
            "max": 299.4472,
            "p(90)": 296.47494,
            "p(95)": 298.750985
        },
        "http_req_failed": {
            "passes": 1,
            "fails": 13,
            "value": 0.07142857142857142
        },
        "checks": {
            "passes": 14,
            "fails": 154,
            "value": 0.08333333333333333
        },
        "data_sent": {
            "count": 61490,
            "rate": 26850.91515158846
        },
        "iteration_duration": {
            "min": 1336.1418,
            "med": 1488.302,
            "max": 1635.6662,
            "p(90)": 1634.2466,
            "p(95)": 1634.9563999999998,
            "avg": 1503.2052399999998
        },
        "http_req_sending": {
            "min": 0,
            "med": 0.5385,
            "max": 0.58,
            "p(90)": 0.56456,
            "p(95)": 0.570705,
            "avg": 0.43057142857142855
        },
        "http_req_duration{expected_response:true}": {
            "p(90)": 298.03889999999996,
            "p(95)": 299.7827,
            "avg": 179.88635384615387,
            "min": 8.7101,
            "med": 230.1528,
            "max": 300.3659
        },
        "iterations": {
            "count": 5,
            "rate": 2.1833562491127383
        },
        "http_req_tls_handshaking": {
            "p(95)": 14.983349999999998,
            "avg": 7.254921428571428,
            "min": 0,
            "med": 7.0729,
            "max": 18.2275,
            "p(90)": 13.23629
        },
        "vus": {
            "value": 2,
            "min": 2,
            "max": 5
        },
        "vus_max": {
            "value": 5,
            "min": 5,
            "max": 5
        },
        "http_reqs": {
            "count": 14,
            "rate": 6.113397497515668
        },
        "http_req_blocked": {
            "p(90)": 18.523590000000002,
            "p(95)": 20.96747,
            "avg": 11.276192857142858,
            "min": 0,
            "med": 13.63575,
            "max": 24.9001
        },
        "data_received": {
            "count": 51793,
            "rate": 22616.514042059214
        },
        "http_req_duration": {
            "p(90)": 297.3614,
            "p(95)": 299.7341,
            "avg": 167.58157142857144,
            "min": 7.6194,
            "med": 214.63150000000002,
            "max": 300.3659
        },
        "http_req_connecting": {
            "med": 4.1562,
            "max": 6.7267,
            "p(90)": 5.812850000000001,
            "p(95)": 6.326235,
            "avg": 3.431957142857143,
            "min": 0
        }
    },
    "root_group": {
        "id": "d41d8cd98f00b204e9800998ecf8427e",
        "groups": {},
        "checks": {
                "200 OK": {
                    "id": "e9654c443eff553da9e69eda7007924e",
                    "passes": 9,
                    "fails": 5,
                    "name": "200 OK",
                    "path": "::200 OK"
                },
                "201 Created": {
                    "name": "201 Created",
                    "path": "::201 Created",
                    "id": "728dcd977aae263ca314731145e1d447",
                    "passes": 0,
                    "fails": 14
                },
                "204 No Content": {
                    "name": "204 No Content",
                    "path": "::204 No Content",
                    "id": "54fa3c2eda34e1622fda2da5e0479fc5",
                    "passes": 4,
                    "fails": 10
                },
                "400 Bad Request": {
                    "passes": 1,
                    "fails": 13,
                    "name": "400 Bad Request",
                    "path": "::400 Bad Request",
                    "id": "eeae81934b9b58bccaf0184a6d070338"
                },
                "401 Unauthorized": {
                    "name": "401 Unauthorized",
                    "path": "::401 Unauthorized",
                    "id": "6ae9254e6aefe7f0bafe5102fa7e20a5",
                    "passes": 0,
                    "fails": 14
                },
                "403 Forbidden": {
                    "passes": 0,
                    "fails": 14,
                    "name": "403 Forbidden",
                    "path": "::403 Forbidden",
                    "id": "655548b761742c5a7ad15aa7df3a5d9c"
                },
                "404 Not Found": {
                    "name": "404 Not Found",
                    "path": "::404 Not Found",
                    "id": "df1528f9925ca236bac51008f77b774a",
                    "passes": 0,
                    "fails": 14
                },
                "429 Too Many Requests": {
                    "name": "429 Too Many Requests",
                    "path": "::429 Too Many Requests",
                    "id": "b810c35b9499cc7342fd415032e3a6aa",
                    "passes": 0,
                    "fails": 14
                },
                "500 Internal Server Error": {
                    "id": "3cd96245b24e869810efe46d533b0eef",
                    "passes": 0,
                    "fails": 14,
                    "name": "500 Internal Server Error",
                    "path": "::500 Internal Server Error"
                },
                "502 Bad Gateway": {
                    "id": "712cb0ec189a11f31f0d6d0c0031b569",
                    "passes": 0,
                    "fails": 14,
                    "name": "502 Bad Gateway",
                    "path": "::502 Bad Gateway"
                },
                "503 Service Unavailable": {
                    "passes": 0,
                    "fails": 14,
                    "name": "503 Service Unavailable",
                    "path": "::503 Service Unavailable",
                    "id": "f1ea1a22be0dc738c385523a66ea1cd9"
                },
                "504 Gateway Timeout": {
                    "id": "218efb729cb654723ccd57c6ebbebe29",
                    "passes": 0,
                    "fails": 14,
                    "name": "504 Gateway Timeout",
                    "path": "::504 Gateway Timeout"
                }
            },
        "name": "",
        "path": ""
    }
}