{
    "metrics": {
        "http_req_connecting": {
            "avg": 467.27472977777654,
            "min": 168.5599,
            "med": 428.0742,
            "max": 3035.9867,
            "p(90)": 475.6201,
            "p(95)": 479.6189
        },
        "data_received": {
            "rate": 2271839.328679488,
            "count": 35739066
        },
        "http_req_receiving": {
            "min": 0,
            "med": 0,
            "max": 17.5505,
            "p(90)": 0.5202100000000001,
            "p(95)": 0.7266899999999987,
            "avg": 0.12364777777777766
        },
        "http_reqs": {
            "count": 9000,
            "rate": 572.1065558376761
        },
        "http_req_failed": {
            "passes": 0,
            "fails": 9000,
            "value": 0
        },
        "http_req_sending": {
            "med": 0,
            "max": 16.1733,
            "p(90)": 0.9982,
            "p(95)": 1.0011,
            "avg": 0.20438715555555573,
            "min": 0
        },
        "data_sent": {
            "count": 6543000,
            "rate": 415921.46609399054
        },
        "http_req_tls_handshaking": {
            "min": 7.1775,
            "med": 1899.8288499999999,
            "max": 4110.147,
            "p(90)": 3318.1680500000007,
            "p(95)": 3582.425469999999,
            "avg": 1860.576637622227
        },
        "vus_max": {
            "value": 9000,
            "min": 2550,
            "max": 9000
        },
        "http_req_waiting": {
            "min": 308.6553,
            "med": 7715.2963,
            "max": 13963.9454,
            "p(90)": 11331.989970000002,
            "p(95)": 12021.396789999999,
            "avg": 7522.74121828887
        },
        "http_req_duration{expected_response:true}": {
            "med": 7715.8186000000005,
            "max": 13963.9454,
            "p(90)": 11332.114670000003,
            "p(95)": 12021.409524999997,
            "avg": 7523.069253222202,
            "min": 309.1679
        },
        "iteration_duration": {
            "avg": 10854.630689066664,
            "min": 2072.1645,
            "med": 10929.2676,
            "max": 15709.2973,
            "p(90)": 14323.48679,
            "p(95)": 14536.696909999999
        },
        "iterations": {
            "count": 9000,
            "rate": 572.1065558376761
        },
        "checks": {
            "passes": 9000,
            "fails": 99000,
            "value": 0.08333333333333333
        },
        "vus": {
            "value": 33,
            "min": 0,
            "max": 9000
        },
        "http_req_duration": {
            "avg": 7523.069253222202,
            "min": 309.1679,
            "med": 7715.8186000000005,
            "max": 13963.9454,
            "p(90)": 11332.114670000003,
            "p(95)": 12021.409524999997
        },
        "http_req_blocked": {
            "med": 2376.2111,
            "max": 4438.4056,
            "p(90)": 3681.10896,
            "p(95)": 3933.09406,
            "avg": 2330.2705760333397,
            "min": 613.6186
        }
    },
    "root_group": {
        "name": "",
        "path": "",
        "id": "d41d8cd98f00b204e9800998ecf8427e",
        "groups": {},
        "checks": {
                "200 OK": {
                    "fails": 0,
                    "name": "200 OK",
                    "path": "::200 OK",
                    "id": "e9654c443eff553da9e69eda7007924e",
                    "passes": 9000
                },
                "201 Created": {
                    "name": "201 Created",
                    "path": "::201 Created",
                    "id": "728dcd977aae263ca314731145e1d447",
                    "passes": 0,
                    "fails": 9000
                },
                "204 No Content": {
                    "id": "54fa3c2eda34e1622fda2da5e0479fc5",
                    "passes": 0,
                    "fails": 9000,
                    "name": "204 No Content",
                    "path": "::204 No Content"
                },
                "400 Bad Request": {
                    "name": "400 Bad Request",
                    "path": "::400 Bad Request",
                    "id": "eeae81934b9b58bccaf0184a6d070338",
                    "passes": 0,
                    "fails": 9000
                },
                "401 Unauthorized": {
                    "passes": 0,
                    "fails": 9000,
                    "name": "401 Unauthorized",
                    "path": "::401 Unauthorized",
                    "id": "6ae9254e6aefe7f0bafe5102fa7e20a5"
                },
                "403 Forbidden": {
                    "name": "403 Forbidden",
                    "path": "::403 Forbidden",
                    "id": "655548b761742c5a7ad15aa7df3a5d9c",
                    "passes": 0,
                    "fails": 9000
                },
                "404 Not Found": {
                    "name": "404 Not Found",
                    "path": "::404 Not Found",
                    "id": "df1528f9925ca236bac51008f77b774a",
                    "passes": 0,
                    "fails": 9000
                },
                "429 Too Many Requests": {
                    "name": "429 Too Many Requests",
                    "path": "::429 Too Many Requests",
                    "id": "b810c35b9499cc7342fd415032e3a6aa",
                    "passes": 0,
                    "fails": 9000
                },
                "500 Internal Server Error": {
                    "name": "500 Internal Server Error",
                    "path": "::500 Internal Server Error",
                    "id": "3cd96245b24e869810efe46d533b0eef",
                    "passes": 0,
                    "fails": 9000
                },
                "502 Bad Gateway": {
                    "fails": 9000,
                    "name": "502 Bad Gateway",
                    "path": "::502 Bad Gateway",
                    "id": "712cb0ec189a11f31f0d6d0c0031b569",
                    "passes": 0
                },
                "503 Service Unavailable": {
                    "name": "503 Service Unavailable",
                    "path": "::503 Service Unavailable",
                    "id": "f1ea1a22be0dc738c385523a66ea1cd9",
                    "passes": 0,
                    "fails": 9000
                },
                "504 Gateway Timeout": {
                    "passes": 0,
                    "fails": 9000,
                    "name": "504 Gateway Timeout",
                    "path": "::504 Gateway Timeout",
                    "id": "218efb729cb654723ccd57c6ebbebe29"
                }
            }
    }
}