{
    "metrics": {
        "http_req_duration{expected_response:true}": {
            "med": 563.7205,
            "max": 1316.7737,
            "p(90)": 868.2866000000002,
            "p(95)": 961.1458799999998,
            "avg": 569.43477977978,
            "min": 122.9961
        },
        "iterations": {
            "count": 999,
            "rate": 395.26253127628536
        },
        "data_received": {
            "count": 52100287,
            "rate": 20613905.22506601
        },
        "iteration_duration": {
            "max": 2450.4105,
            "p(90)": 2031.75034,
            "p(95)": 2130.58931,
            "avg": 1723.2009300300306,
            "min": 1224.3778,
            "med": 1721.6679
        },
        "http_req_failed": {
            "passes": 0,
            "fails": 999,
            "value": 0
        },
        "vus_max": {
            "value": 999,
            "min": 999,
            "max": 999
        },
        "http_req_waiting": {
            "avg": 559.8932885885887,
            "min": 112.9961,
            "med": 554.8429,
            "max": 1307.3088,
            "p(90)": 860.29456,
            "p(95)": 953.3181899999998
        },
        "http_req_connecting": {
            "p(90)": 54.00102,
            "p(95)": 62.0037,
            "avg": 46.45125615615618,
            "min": 32.0001,
            "med": 44.2322,
            "max": 191.1651
        },
        "http_req_receiving": {
            "avg": 9.329842642642644,
            "min": 0,
            "med": 9.939,
            "max": 17.1524,
            "p(90)": 12.075280000000001,
            "p(95)": 12.510769999999997
        },
        "vus": {
            "min": 649,
            "max": 999,
            "value": 649
        },
        "checks": {
            "passes": 999,
            "fails": 10989,
            "value": 0.08333333333333333
        },
        "data_sent": {
            "rate": 479632.6835979621,
            "count": 1212240
        },
        "http_req_sending": {
            "avg": 0.2116485485485486,
            "min": 0,
            "med": 0,
            "max": 4.9994,
            "p(90)": 1.0001,
            "p(95)": 1.0016100000000001
        },
        "http_reqs": {
            "count": 999,
            "rate": 395.26253127628536
        },
        "http_req_blocked": {
            "avg": 152.1926144144145,
            "min": 76.2425,
            "med": 133.5034,
            "max": 370.5406,
            "p(90)": 238.31224,
            "p(95)": 249.31774
        },
        "http_req_tls_handshaking": {
            "p(90)": 191.41142,
            "p(95)": 202.6029,
            "avg": 104.64573663663678,
            "min": 34.9977,
            "med": 84.8107,
            "max": 260.0878
        },
        "http_req_duration": {
            "p(95)": 961.1458799999998,
            "avg": 569.43477977978,
            "min": 122.9961,
            "med": 563.7205,
            "max": 1316.7737,
            "p(90)": 868.2866000000002
        }
    },
    "root_group": {
        "id": "d41d8cd98f00b204e9800998ecf8427e",
        "groups": {},
        "checks": {
                "200 OK": {
                    "name": "200 OK",
                    "path": "::200 OK",
                    "id": "e9654c443eff553da9e69eda7007924e",
                    "passes": 999,
                    "fails": 0
                },
                "201 Created": {
                    "name": "201 Created",
                    "path": "::201 Created",
                    "id": "728dcd977aae263ca314731145e1d447",
                    "passes": 0,
                    "fails": 999
                },
                "204 No Content": {
                    "passes": 0,
                    "fails": 999,
                    "name": "204 No Content",
                    "path": "::204 No Content",
                    "id": "54fa3c2eda34e1622fda2da5e0479fc5"
                },
                "400 Bad Request": {
                    "name": "400 Bad Request",
                    "path": "::400 Bad Request",
                    "id": "eeae81934b9b58bccaf0184a6d070338",
                    "passes": 0,
                    "fails": 999
                },
                "401 Unauthorized": {
                    "passes": 0,
                    "fails": 999,
                    "name": "401 Unauthorized",
                    "path": "::401 Unauthorized",
                    "id": "6ae9254e6aefe7f0bafe5102fa7e20a5"
                },
                "403 Forbidden": {
                    "name": "403 Forbidden",
                    "path": "::403 Forbidden",
                    "id": "655548b761742c5a7ad15aa7df3a5d9c",
                    "passes": 0,
                    "fails": 999
                },
                "404 Not Found": {
                    "fails": 999,
                    "name": "404 Not Found",
                    "path": "::404 Not Found",
                    "id": "df1528f9925ca236bac51008f77b774a",
                    "passes": 0
                },
                "429 Too Many Requests": {
                    "name": "429 Too Many Requests",
                    "path": "::429 Too Many Requests",
                    "id": "b810c35b9499cc7342fd415032e3a6aa",
                    "passes": 0,
                    "fails": 999
                },
                "500 Internal Server Error": {
                    "name": "500 Internal Server Error",
                    "path": "::500 Internal Server Error",
                    "id": "3cd96245b24e869810efe46d533b0eef",
                    "passes": 0,
                    "fails": 999
                },
                "502 Bad Gateway": {
                    "name": "502 Bad Gateway",
                    "path": "::502 Bad Gateway",
                    "id": "712cb0ec189a11f31f0d6d0c0031b569",
                    "passes": 0,
                    "fails": 999
                },
                "503 Service Unavailable": {
                    "id": "f1ea1a22be0dc738c385523a66ea1cd9",
                    "passes": 0,
                    "fails": 999,
                    "name": "503 Service Unavailable",
                    "path": "::503 Service Unavailable"
                },
                "504 Gateway Timeout": {
                    "name": "504 Gateway Timeout",
                    "path": "::504 Gateway Timeout",
                    "id": "218efb729cb654723ccd57c6ebbebe29",
                    "passes": 0,
                    "fails": 999
                }
            },
        "name": "",
        "path": ""
    }
}