{
    "metrics": {
        "http_req_sending": {
            "avg": 0.29709218888888855,
            "min": 0,
            "med": 0,
            "max": 44.0002,
            "p(90)": 1.0002,
            "p(95)": 1.0022
        },
        "http_req_duration{expected_response:true}": {
            "avg": 8360.8912367889,
            "min": 518.7612,
            "med": 5557.8376499999995,
            "max": 19365.7519,
            "p(90)": 16982.53331,
            "p(95)": 17662.07203
        },
        "http_req_receiving": {
            "avg": 10.167860211111131,
            "min": 0,
            "med": 10.581150000000001,
            "max": 50.7846,
            "p(90)": 13.00311,
            "p(95)": 13.96344499999999
        },
        "http_req_blocked": {
            "avg": 2062.300315433333,
            "min": 902.4407,
            "med": 1698.99915,
            "max": 5169.1494,
            "p(90)": 3864.3310100000003,
            "p(95)": 4446.56932
        },
        "http_req_failed": {
            "passes": 0,
            "fails": 9000,
            "value": 0
        },
        "checks": {
            "passes": 9000,
            "fails": 99000,
            "value": 0.08333333333333333
        },
        "iteration_duration": {
            "max": 21377.164,
            "p(90)": 19949.05673,
            "p(95)": 20398.33006,
            "avg": 11424.214518966655,
            "min": 2878.67,
            "med": 8437.10745
        },
        "vus": {
            "value": 390,
            "min": 0,
            "max": 9000
        },
        "vus_max": {
            "value": 9000,
            "min": 2810,
            "max": 9000
        },
        "http_reqs": {
            "count": 9000,
            "rate": 418.90898561822155
        },
        "http_req_connecting": {
            "p(90)": 762.11022,
            "p(95)": 773.1089,
            "avg": 614.0570023111088,
            "min": 152.5471,
            "med": 609.4418,
            "max": 792.1127
        },
        "http_req_duration": {
            "med": 5557.8376499999995,
            "max": 19365.7519,
            "p(90)": 16982.53331,
            "p(95)": 17662.07203,
            "avg": 8360.8912367889,
            "min": 518.7612
        },
        "http_req_tls_handshaking": {
            "p(95)": 3911.0750999999977,
            "avg": 1447.3156952111094,
            "min": 330.0043,
            "med": 1035.2683499999998,
            "max": 4614.5947,
            "p(90)": 3322.4134500000005
        },
        "data_received": {
            "count": 469362622,
            "rate": 21846691.096569862
        },
        "data_sent": {
            "count": 10888032,
            "rate": 506788.2711665262
        },
        "http_req_waiting": {
            "avg": 8350.426284388912,
            "min": 509.2909,
            "med": 5545.85265,
            "max": 19353.5154,
            "p(90)": 16972.97102,
            "p(95)": 17652.262815
        },
        "iterations": {
            "count": 9000,
            "rate": 418.90898561822155
        }
    },
    "root_group": {
        "id": "d41d8cd98f00b204e9800998ecf8427e",
        "groups": {},
        "checks": {
                "200 OK": {
                    "path": "::200 OK",
                    "id": "e9654c443eff553da9e69eda7007924e",
                    "passes": 9000,
                    "fails": 0,
                    "name": "200 OK"
                },
                "201 Created": {
                    "path": "::201 Created",
                    "id": "728dcd977aae263ca314731145e1d447",
                    "passes": 0,
                    "fails": 9000,
                    "name": "201 Created"
                },
                "204 No Content": {
                    "fails": 9000,
                    "name": "204 No Content",
                    "path": "::204 No Content",
                    "id": "54fa3c2eda34e1622fda2da5e0479fc5",
                    "passes": 0
                },
                "400 Bad Request": {
                    "name": "400 Bad Request",
                    "path": "::400 Bad Request",
                    "id": "eeae81934b9b58bccaf0184a6d070338",
                    "passes": 0,
                    "fails": 9000
                },
                "401 Unauthorized": {
                    "fails": 9000,
                    "name": "401 Unauthorized",
                    "path": "::401 Unauthorized",
                    "id": "6ae9254e6aefe7f0bafe5102fa7e20a5",
                    "passes": 0
                },
                "403 Forbidden": {
                    "name": "403 Forbidden",
                    "path": "::403 Forbidden",
                    "id": "655548b761742c5a7ad15aa7df3a5d9c",
                    "passes": 0,
                    "fails": 9000
                },
                "404 Not Found": {
                    "passes": 0,
                    "fails": 9000,
                    "name": "404 Not Found",
                    "path": "::404 Not Found",
                    "id": "df1528f9925ca236bac51008f77b774a"
                },
                "429 Too Many Requests": {
                    "fails": 9000,
                    "name": "429 Too Many Requests",
                    "path": "::429 Too Many Requests",
                    "id": "b810c35b9499cc7342fd415032e3a6aa",
                    "passes": 0
                },
                "500 Internal Server Error": {
                    "id": "3cd96245b24e869810efe46d533b0eef",
                    "passes": 0,
                    "fails": 9000,
                    "name": "500 Internal Server Error",
                    "path": "::500 Internal Server Error"
                },
                "502 Bad Gateway": {
                    "id": "712cb0ec189a11f31f0d6d0c0031b569",
                    "passes": 0,
                    "fails": 9000,
                    "name": "502 Bad Gateway",
                    "path": "::502 Bad Gateway"
                },
                "503 Service Unavailable": {
                    "name": "503 Service Unavailable",
                    "path": "::503 Service Unavailable",
                    "id": "f1ea1a22be0dc738c385523a66ea1cd9",
                    "passes": 0,
                    "fails": 9000
                },
                "504 Gateway Timeout": {
                    "fails": 9000,
                    "name": "504 Gateway Timeout",
                    "path": "::504 Gateway Timeout",
                    "id": "218efb729cb654723ccd57c6ebbebe29",
                    "passes": 0
                }
            },
        "name": "",
        "path": ""
    }
}